1 Kg Levedo (levedura) De Cerveja 100% Puro;1114060;Levedo de cerveja
Abacate a Granel com 2 Unidades;1106004;Abacate 
Abacate Kg;1106004;Abacate
Abóbora Cabaça - kg;1103063;Cabaça
ABOBORA CABOTIA KG;1103017;Abóbora
Abóbora Cabotian;1103017;Abóbora
Abóbora D’água kg;1103055;Abóbora-d'água
Abóbora Japonesa Orgânica Kg;1103017;Abóbora
Abóbora Japonesa Unidade;1103017;Abóbora
ABÓBORA JERIMUM DE LEITE - SERGIPANA 7G;1103017;Abóbora
Abóbora Moranga Unidade;1103033;Abóbora-moranga
Abóbora Sergipana em cubos (1 saco aprox. 300g);1103017;Abóbora
Abobrinha Brasileira Orgânica;1103081;Abobrinha orgânica
Abobrinha Italiana 800g;1103020;Abobrinha
Abobrinha Italiana Orgânica TAEQ 600g;1103081;Abobrinha orgânica
Açafrão Kitano 50g;1116082;Açafrão em pó
Acelga Higienizada QUALITÁ 170g;1105024;Acelga
Acelga Orgânica(uni);1105064;Acelga orgânica
Acelga Strapasson 300g;1105024;Acelga
Acém - Cubos - 01kg;1107095;Acém
Acerola 540g;1106026;Acerola
Achoc Po Nescau Pc 730g;1104052;Chocolate e achocolatado em pó
Achocolatado em Pó NESCAU 33% Menos Açúcares 380g;1104052;Chocolate e achocolatado em pó0
Achocolatado em Pó NESQUIK Morango 380g;1104052;Chocolate e achocolatado em pó
Achocolatado em Pó Ovomaltine Flocos Crocante 300g;1104052;Chocolate e achocolatado em pó
Achocolatado Tody Original Pote 800g;1104052;Chocolate e achocolatado em pó
Acucar Cristal Alegre Pacote 1kg;1104004;Açúcar cristal
Açúcar Cristal Olho Dagua 1kg;1104004;Açúcar cristal
Açúcar de Baunilha Faycal Pó Saddi 30g;1104020;Açúcar de baunilha
Açúcar de Coco- 500gr;1104132;Açúcar de coco
Açúcar de Coco Tia Sônia 200g;1104132;Açúcar de coco
Açúcar Globo Extra Fino 5kg;1104003;Açúcar refinado
Açúcar Light Stevia Natus Sabore 500g;1104102;Açúcar light
Açúcar Natural Demerara CARAVELAS Pacote 1kg;1104067;Açúcar demerara
Açúcar Orgânico Demerara ITAJÁ Pacote 1kg;1104127;Açúcar demerara orgânico
Açúcar Orgânico Demerara;1104127;Açúcar demerara orgânico
Acucar Refin Granul Estrela 1kg;1104003;Açúcar refinado
Açúcar Refinado UNIÃO Pacote 1kg;1104003;Açúcar refinado
Açúcar Ruf de Baunilha 80g;1104020;Açúcar de baunilha
Adoçante em Pó Zero Cal Eritritol Zero Lactose 250g;1104069;adoçante artificial
Adoçante Liquido Adocyl Sucralose 160ml;1104069;adoçante artificial
Adoçante Líquido LINEA 75ml;1104069;Adoçante artificial
Adoçante Líquido Stévia LINEA 25ml;1104069;adoçante artificial
Adoçante Líquido Sucralose LINEA 25ml;1104069;Adoçante artificial
Água De Coco Esterilizada Kero Coco Caixa 1L;1114058;Água de coco
Água de Coco Kero Coco 330ml;1114058;Água de coco
Água de Coco Quadrado 32 Caixinhas 200ml Sabores Mega;1114058;Água de coco
AGUA MINERAL INGA NATURAL COPO 200ML;1114083;Refrigerante e água mineral
Água Mineral Natural Crystal com Gás 1,5l;1114083;Refrigerante e água mineral
Água Mineral Natural San Pellegrino Gaseificada 250ml;1114083;Refrigerante e água mineral
Água Mineral Natural Sem Gás Crystal 500ml;1114083;Refrigerante e água mineral
Água Mineral Sferriê com Gás 1,5L;1114083;Refrigerante e água mineral
Água Saborizada Com Gás Crystal Limao 510ml;1114083;Refrigerante e água mineral
Aguardente Bagaceira Português Neto Costa 1000ml;1114086;Aguardente
Aguardente Carvalho Haus Hellwig 500ml;1114086;Aguardente
Aguardente de Cana Adoçada Pitú Garrafa 965ml;1114086;Aguardente
Aguardente de Cana Ypióca Prata Empalhada 960ml;1114086;Aguardente
Alcachofra 1un;1105029;Alcachofra
Alcaparras La Pastina Peso Drenado 60G;1116087;Alcaparra
Alcatra Bovina Manipulada ( fatiada inteira ) 600g;1107088;Alcatra
Alcatra Suina Chur Facil Aurora Con800g;1107018;Carne de porco
Alcatra Suína Pif Paf Grill Temperado Congelado 900g;1107018;Carne de porco
Alecrim (uni);1105014;Alecrim
Alface Americana Up Fruit Orgânica 250g;1105051;Alface orgânica
Alface Lisa Higienizada QUALITÁ 170g;1105001;Alface
Alface Lisa Sempre Und;1105001;Alface
Alface Mimosa Org Und;1105051;Alface orgânica
Alface Zaruvny Hidropônica 1un;1105001;Alface
ALGA NORI KIZAMI TOWA - 10 GRAMAS;1105086;Alga
Alho Branco Com Casca (1 unidade aprox. 50g);1116010;Alho
Alho Poró 300g;1105049;Alho-porró
Alho Poro DEVILE Unidade;1105049;Alho-porró
Almôndega de Soja Seara Incrível Caixa 320g;1109211;Almôndega de soja
Almôndega Seara 500g;1109050;Almôndega
Almôndegas Bovina AURORA Caixa 500g;1109050;Almôndega
Amaciante de Carnes MAGGI Fondor Tempero 120g;1116057;Amaciante de carne
Ameixa Fresca 490g;1106034;Ameixa
AMEIXA FRESCA NACIONAL (1 KG);1106034;Ameixa
Amendoa Laminada Benassi 110g;1101071;Amêndoa
Amêndoas Natural Crua A Melhor - 1kg;1101071;Amêndoa
Amendoim Japonês YOKI Pacote 500g;1101121;Amendoim salgado
Amendoim Torrado Salgado Da Nona 1kg;1101082;Amendoim (em grão)
Amendoim Vermelho Crú C/ Pele - 4 Kg;1101082;Amendoim (em grão)
Amido De Milho Corn Mil Indemil - 25kg #632;1102009;Amido de milho
Amido de Milho Maizena Tradicional 200g;1102009;Amido de milho
ANCHOVA INTEIRA CONGELADA;1108002;Peixe-anchova
Aneis De Lula Congelado Seara 400g;1108066;Lula
Aperitivo Brasilberg Underberg 920ml;1114085;Outras bebidas alcoólicas
Aperitivo St Raphael 750ml;1114085;Outras bebidas alcoólicas
Apresuntado Peperi Kg;1109015;Lanche peperi (presuntos suíno e de frango)
Apresuntado Sadia Fatiado 260g;1109016;Apresuntado
ARANHA BOVINA CONGELADA MAFRINORTE KG;1107088;Alcatra
Arraia In Natura;1108047;Peixe-arraia
Arroz Agulhinha Polido Orgânico Biodinâmico 1kg - Volkmann;1101109;Arroz orgânico
Arroz Agulhinha Tipo 1 Codil 1kg;1101002;Arroz
Arroz Biju Especial Para Risoto;1101002;Arroz
Arroz Branco ou Parboilizado Máximo Kg;1101002;Arroz
Arroz Branco Ouro Nobre 5Kg;1101002;Arroz
Arroz Branco Tipo Japonês (Granel - Preço/100g);1101097;Arroz japonês
Arroz Glutinoso Motigome Integral Inteiro Bonsai 1Kg;1101100;Arroz integral
ARROZ MINAMI MAI CURTO AZUMA - 5KG;1101002;Arroz
Arroz Negro Integral Orgânico CooperNatural 1Kg;1101109;Arroz orgânico
Arroz Preto Selvagem (Granel - Preço/100g);1101113;Arroz negro
Arroz Tio João Integral Orgânico - 1kg;1101109;Arroz orgânico
Arroz Tio João Integral Parboilizado 1kg;1101100;Arroz integral
Arroz Tipo 1 Namorado 5Kg;1101002;Arroz
Arroz Tipo 1 Tradicional Paranaíba 5kg;1101002;Arroz
Arroz Urbano Integral Pa 1kg C/8;1101100;Arroz integral
Arroz Vermelho Scotti Ermes Pc 500g;1101002;Arroz
Asa De Frango Congelada Sadia 1kg;1110014;Asa de galinha ou frango
ASA DE FRANGO CONGELADO SOMAVE KG;1110014;Asa de galinha ou frango
Aspargo Verde Importado Maço;1103008;Aspargo (in-natura)
Aspargos Branco CASINO Vidro 395g;1115060;Aspargo em conserva
ASPARGOS FRESCOS 450G;1103008;Aspargo (in-natura)
Atemoia 500g;1106032;Atemoia
Atum Coqueiro Ralado Natural 170g;1115075;Atum em conserva
Atum Solido Zuppa Lata 170 Oleo .;1115075;Atum em conserva
Ave Chester Perdigão Mineiro 3,8kg;1110021;Chester
Aveia Em Flocos Integral Vitapão 1kg;1102002;Aveia em flocos
Aveia Em Flocos Regulares Quaker Caixa 165G;1102002;Aveia em flocos
AVEIA EM GRÃO 500G;1101076;Aveia (em grão)
Aveia Flocos Nestlé 340g;1102002;Aveia em flocos
Avela S/casca Benassi 120g;1101070;Avelã
Avocado Baby JAGUACY 800g;1106004;Abacate
Azedinha (uni);1105016;Azedinha
Azeite de Dendê Cepêra 100ml;1113011;azeite de dendê
Azeite De Oliva Gallo Puro 500ml;1113014;azeite de oliva
Azeite Ext Virgem Serrata Selecao 500ml;1113014;azeite de oliva
Azeite Extra Virgem O-Live 400ml;1113014;azeite de oliva
Azeite Português de Oliva Extra Virgem ANDORINHA Vidro 500ml;1113014;azeite de oliva
Azeitona Preta Inteira Em Conserva QUALITÁ Pote 200g;1115057;Azeitona
Azeitona Verde Zuppa Vidro 200g;1115057;Azeitona
Bacalhau Porto Gadus Macrocephalus 8/10kg;1109023;Bacalhau
Baço Bovino Friboi;1107010;Outras vísceras
Bala 7 belo framboesa 150G arcor;1104018;Balas
BALA DE TAMARINDO 100G;1104018;Balas
Bala Dori Hortelã Mint Recheada 150g;1104018;balas
Bala Fine Drops Sabor Cereja Woogie 200g - Importada Aústria;1104018;Balas
Bala Halls Morango 28g;1104018;balas
Bala Skittles Frutas Silvestres 38gr;1104018;balas
Banana Caturra;1106005;Banana-d'água
Banana Orgânica BanaLeve 600g;1106115;Banana orgânica
Banana Pacovan 1 unidade;1106008;Banana-prata
Banana passa 86G - banana brasil;1104075;Fruta seca
Banana Prata Orgânica TAEQ 600g;1106110;Banana-prata orgânica
Banana Prata Pacovan 700g;1106008;Banana-prata
Banana Terra 1kg;1106001;Banana-da-terra
Banha Sadia 1kg;1113020;banha de porco
Barra Cereais Ritter Morango E Aveia Leve 4 Pague 3 80g;1104019;Barra de cereais
Barra De Cereais Agtal Mixed Nuts Cranberry 60g;1104019;barra de cereais
Barra de Cereal Banana com Cobertura Chocolate ao Leite BANANA BRASIL 81g;1104019;Barra de cereais
Barra de cereal de caju;1104019;Barra de cereais
Barra de Chocolate Amargo Amaro 40% cacau Lacta 90g;1104023;Chocolate em barra e bombom
Barra De Chocolate Barra Hershey`s Ovomaltine 87g;1104023;Chocolate em barra e bombom
Barra de Chocolate Meio Amargo Qualitá 90g;1104023;Chocolate em barra e bombom
Barra de Proteína Veganpro Cacau Nutrify 40g;1104019;barra de cereais
barra nuts original 60g nutry;1104019;Barra de cereais
Barriga Suína (Panceta) Temperada (800g) - Na Brasa;1107018;Carne de porco
Batata 1 Unidade 300g;1103001;Batata (não especificada)
Batata Asterix Pacote 2Kg;1103001;Batata (não especificada)
Batata Comum Granel 1kg;1103003;Batata-inglesa
Batata Doce Rosada a Granel 800g;1103002;Batata-doce
Batata Doce Roxa;1103002;Batata-doce
Batata Inglesa Orgânica TAEQ 600g;1103066;Batata-inglesa orgânica
Batata Inglesa Orgânica TAEQ 600g;1103066;Batata-inglesa orgânica
Batata Yacon 500g;1103080;Batata yacon
Bebida Energética Fusion 1l;1114081;Energético e Isotônico
Bebida Láctea Fiore Ameixa 900g;1111019;Iogurte e bebidas lácteas
Bebida Láctea Nestlé Morango 900g;1111019;Iogurte e bebidas lácteas
Bebida Mista Nossa Fruta Cong 390g Acai/caja/tamar;1114100;Bebida mista
Bebida Mista Smirnoff Ice 275ml;1114085;Outras bebidas alcoólicas
Beiju de Tapioca Pão de Festa;1104095;Beiju
Berinjela 460g;1103031;Berinjela
BERTALHA UNIDADE;1105002;Bertalha
Bife À Rolê - 800grs;1107060;Bife rolê
Bife Brachola Cha Fora Bovino 600g;1107060;Bife rolê
Bife Cha Dentro Bovino 620g;1107087;Chã de dentro
Bife De Contra Filé SWIFT 900g;1107084;contrafilé
Bife de Soja Escuro 100g;1102048;Bife vegetal
Bife Especial Contra File Bovino 340g;1107084;Contrafilé
Bife Para Rolê de Coxão Duro Rubia Gallega QualitA 400g;1107060;bife rolê
Bife Rolê Cha Fora Bovino 540g;1107060;Bife rolê
Bife Vegetal Lata 400g Superbom;1102048;Bife vegetal
Bife Vegetal SUPERBOM Lata 300g;1102048;Bife vegetal
Biscoito Bauducco Cereale Cacau e Castanhas 170g;1112003;biscoito
Biscoito BAUDUCCO Cookie Original Pacote 66g;1112003;biscoito
Biscoito Bono 126g Nestlé;1112003;biscoito
Biscoito de Polvilho Tick Titos Tradicional 100g;1112003;biscoito
Biscoito Marilan Cracker Integral 420g;1112003;biscoito
Biscoito PIRAQUÊ Leite Maltado E Coco 160g;1112003;biscoito
Biscoito Piraquê Presuntinho 100g;1112003;biscoito
Biscoito QUALITÀ Rosquinha de Chocolate 335g;1112003;biscoito
Biscoito Recheado Vitarellabem Casado 60g;1112003;biscoito
Biscoito Recheio Flocos Vitarella Treloso Pacote 6;1112003;Biscoito
Biscoito Richester Krokitos 80g;1112003;Biscoito
Biscoito Vitarella Delicita Salgado 400g;1112003;Biscoito
Biscoito Wafer Estrela 98g Morango .;1112003;biscoito
BISTECA SUÍNA PREÇO POR KG;1107018;Carne de porco
Blanquet de Peru Sadia Light 200g;1109014;Blanquet de peru
Blend de legumes picados - 400g;1103064;Jardineira (seleta)
Blueberry Importado Mirtilo 125g;1106129;Mirtilo
Bok Choy (unidade);1105009;Couve-chinesa
Bolo Baunilha Recheio Chocolate Ana Maria Pacote 35g;1112019;Bolo
Bolo De Carimã 330g;1112019;Bolo
Bolo De Milho 540g;1112019;Bolo
Bolo Redondo Artesano Pullman de Erva Doce 280g;1112019;bolo
Bolo Seven Boys Coco 250g;1112019;bolo
Bolo Suavipan Mesclado Light 250g;1112019;bolo  
Bolo Suavipan Sabor Laranja Light 250g;1112019;bolo
Bombom de Chocolate Ouro Branco Unitário 20g;1104023;Chocolate em barra e bombom
Bombom Sortido Garoto 250g;1104023;Chocolate em barra e bombom
Brocolis Hibrido Organico (uni);1105052;Brócolis orgânico
Brócolis Japonês 1un;1105019;Brócolis
Brócolis Japonês Orgânico TAEQ 300g;1105052;Brócolis orgânico
Broto de Bambu MARUNAKA Fatiado 330g;1105038;Broto de bambu
Broto Feijao 250g;1105037;Broto de feijão
Brotos de Alfafa Orgânico (50g);1105011;Broto de alfafa
Bucho Bov Bomfrigo Fatiadoi 1,100 Kg;1107008;Tripa e bucho
Cabeça de Pintado Kg;1108112;Peixe-pintado
CABECA SUINA KG;1107034;Cabeça suína
CAÇÃO EM POSTAS 1KG;1108029;Peixe-cação
Cachaca Ypioca 700ml 160 Anos Malte;1114085;Outras bebidas alcoólicas
Café 3 Corações Extra Forte em Pó Torrado e Moído Vácuo 500g;1114022;Café moído
Café 3 Corações Tradicional a Vácuo 500g;1114022;Café moído
Café Com Leite Três Corações Zero Açúcar 265g;1114030;Café com leite em pó
Café em Cápsula Illy Espresso Clássico 57g;1114101;Café em cápsulas
Café em Grão Jandaia para Moer 500g;1114063;Café em grão
Café Melitta Solúvel Tradicional 50g;1114023;Café solúvel
Café Melitta Tradicional a Vácuo 500g;1114022;Café moído
Café Pelé Leve 500g Pague 450g;1114022;Café moído
Café Pilão Descafeinado a Vácuo 250g;1114022;Café moído
Café Solúvel L'or Intense 50g;1114023;Café solúvel
Café Torrado e Moído Melitta Descafeinado Clássico 250g;1114032;Café descafeinado
Café Torrado E Moído Nescafé Origens Chapada Diamantina 250g;1114022;Café moído
Cajú 300g;1106083;Caju
Caldo Knorr Legumes 6 cubos;1116048;Caldo concentrado
Camarão Cinza Sem Cabeça Cozido Congelado Contém entre 25/40 200G;1108013;Camarão
Camarão Descascado Cozido Congelado DELLMARE Pacote 200g;1108013;Camarão
Camarão Maris Inteiro Cozido Congelado 200g;1108013;Camarão
Camarao S/cab Cong Camanor 41/50 400g;1108013;Camarão
Camarão Seco Do Mar Defumado Médio 1kg;1109203;Camarão seco
Camarão Sem Cabeça 7 Barbas Congelado Pescador 500g;1108013;Camarão
Camomila Orgânica Maço;1105062;Camomila
Camurim com Cabeça In Natura;1108043;Peixe-robalo
Canela em Pó Crowne 30g;1116076;Canela em pó
Cappuccino 3 Corações Diet 150g;1114023;Café solúvel
Cápsulas de Café L´or Espresso India;1114101;Café em cápsulas
Caqui Rama Forte 610g;1106009;Caqui
Cará 1 Unidade 700g;1103006;Cará
CARÁ SÃO TOMÉ KG;1103006;Cará
CARAMBOLA (1 KG);1106079;Carambola
Carne Bovina Cupim Maturada Kg;1107081;cupim
Carne Bovina Moída De Patinho Resfriada QUALITÁ Bandeja 500g;1107092;Carne moída de primeira
Carne Caranguejo Milly Pesc 500g;1108045;Caranguejo
Carne De 1a - Moída - Kg;1107092;Carne moída de primeira
Carne De Rã Congelada Frigorã Pacote 500g;1108098;Rã
Carne de Siri Congelado SANTA LUZIA 500g;1108064;Siri
Carne Moída de Segunda Angus Kg;1107098;carne moída de segunda
Carne Moída Especial* (Capa do acém);1107098;Carne moída de segunda
Carne Suina Cartago Defum 500g;1107018;Carne de porco
Carne Suina Orelha Cartago Defum Kg;1107018;Carne de porco
Carne Suina Salgada Rabo;1109058;Carne de porco salgada e defumada
Carpa Húngara inteira;1108136;Peixe-carpa
Carré de Cordeiro Congelado 300g;1107031;Carne de carneiro
Carre Suino Congelado Pc 3,5 Kg;1107018;Carne de porco
Castanha Da Índia Inteira ( Semente ) 500g;1101050;Castanha-da-índia
Castanha de Caju W1 Norteminas 150g;1101066;Castanha de caju
Castanha do Pará Imbiara 100g;1101067;Castanha-do-pará
CASTANHA DO PARÁ QUEBRADA;1101067;Castanha-do-pará
Castanha do Pará sem Casca QUALITÁ 120g;1101067;Castanha-do-pará
CASTANHA PORTUGUESA IN NATURA 100G - UN;1101098;Castanha portuguesa
Castanha-de-Caju Granulada Xerém Qualitá Bandeja 200g;1101066;Castanha de caju
Catalonha Orgânica Unidade - Raízs;1105039;Catalonha
Cauda de Lagosta Kg;1108068;Lagosta
Cebola Roxa Nacional 400g;1103043;Cebola
Cenoura Organica 600g;1103067;Cenoura orgânica
Cenoura Ralada 200g;1103044;Cenoura
Cereal Infantil Mucilon Arroz E Aveia 230g;1102001;Farinha de arroz
Cereal Integral NESTLE Aveia Flocos 340g;1102002;Aveia em flocos
Cereal Neston 3 Cereais Sachê 600g;1102016;Flocos de cereais
Cerv Prima Gf 500ml;1114084;Cerveja
Cerveja Antarctica 473ml (Lata);1114084;Cerveja
Cerveja Artesanal Brewpoint Red Ale 500ml;1114084;Cerveja
Cerveja Barbarella Framboesa 355ml;1114084;Cerveja
Cerveja Eisenbahn Pilsen Puro Malte Long Neck 355ml;1114084;Cerveja
Cerveja Golden Ale Baden Baden Garrafa 600ml;1114084;Cerveja
Cerveja HEINEKEN Lata 350ml;1114084;Cerveja
Cerveja Itaipava 0,0% Álcool 350ml (Lata);1114084;Cerveja
Cevada em Grãos 500g;1101078;Cevada (em grão)
Cevada Solúvel Superbom A Granel 1kg - Qualidade Premium;1101078;Cevada (em grão)
Chá Branco Casa Madeira Lichia e Jasmim 500ml;1114029;Chá
Chá Chinezinho Hortelã 13g;1114029;Chá
Cha Dr Oetker Mate 20g;1114091;Chá mate (erva mate)
Chá Dr. Oetker Capim Cidr Cx 15g;1114029;Chá
Cha Leao Agua Gelada Fuze Cha Preto E Frutas Vermelhas 25gr;1114029;Chá
Chá Leão Camomila 10 Sachês 10g;1114029;Chá
Chá Leão Mate Granel 250g;1114092;Mate
Chá Mate Barão 500g Tererê;1201033;Chá preparado
Chá New English Camomila Romana 15g;1114029;Chá
Chá New English Rosa Mosqueta e Hibisco 15g;1114029;Chá
Chá Prenda Erva Doce 10 Sachês 18g;1114029;Chá
Cha Preto Twinings Cx Sache 20g Breakfast .;1114031;Chá preto
Chá REAL Vários Sabores c/ 10 Saquinhos;1114029;Chá
Chá Sene Folhas CHINATOWN Pacote 20g;1114029;Chá
Chá Twinings Morango e Manga 18g;1114029;Chá
Chantilly Spray President 250g;1111070;Chantili
Chantilly Vigor 250g Spray Tradicional;1111070;chantili
Cheiro Verde BEIJA FLOR 70g;1105012;Cheiro-verde
Cherne em Postas Fresco Companhia do Peixe 500g;1108199;Peixe-cherne
Chia em Grãos Integral Omega 3 Vegano Jasmine 150g;1101116;Chia
Chiclete de Canela 8g - 21 unidades - Trident;1104018;Balas
Chiclete Trident Xfresh Crystal Menta 9 Unidades;1104018;balas
Chiclete Tutti Frutti 18g C/78 - DannyBall;1104018;Balas
Chicória Orgânica HORTA E SAÚDE Unidade;1105003;Chicória
Chips De Batata Mae Terra Organico 32gr;1112070;batata chips
Chocolate Bis Laka 126g;1104023;Chocolate em barra e bombom
Chocolate Kit Kat ao Leite Nestlé 24 un de 41,5g cada;1104023;Chocolate em barra e bombom
Chopp Heineken Growler 1 Litro;1114084;Cerveja
Chuchu Extra Bandeja 600g;1103021;Chuchu
Coalhada Desnatada Betânia Pote 140g;1201096;Coalhada
Coalhada Fiore Light 140g;1201096;Coalhada
Coalhada Potiguar 240g Desnatado .;1111039;coalhada
Coalhada Verde Campo Sem Lactose 140g;1111105;Coalhada sem lactose
Coca-Cola Sem Açúcar PET 1,5L;1114083;Refrigerante e água mineral
Cocada Flormel Zero 75g;1104082;Cocada
Cocada Tradicional Doce Mais 50 Unds 1,05kg;1104082;Cocada
Coco Ralado Sococo Desidratado 50g;1115004;Coco ralado
Coco Seco 1kg;1101006;Coco
Coco Verde Un;1101006;Coco
CODORNA A PASSARINHO GOOD CONGELADA 1KG;1110058;Codorna abatida, congelada ou viva
Coentro 1 maço;1105004;Coentro
Coentro DEVILE 15g;1105004;Coentro
Coentro Hidropônico DEVILE Unidade;1105004;Coentro
Coentro Orgânico Molho;1105070;Coentro orgânico
Cogumelo Paris Champetit 250g;1103061;Cogumelo (fresco)
Cogumelo Paris Zucca 200g;1103061;Cogumelo (fresco)
Cogumelo Shimeji Preto bandeija;1103061;Cogumelo (fresco)
Cogumelo Shimeji Preto Zucca 200g;1103061;Cogumelo (fresco)
Cogumelo Shitake Orgânico Zucca 200g;1103085;Cogumelo orgânico
Colorau Nordestino Sc 100g;1116022;Colorau
Cominho Moído Koru Pc 15g;1116055;Cominho
Conhaque Presidente 970ml;1114085;Outras bebidas alcoólicas
Contra Filé Bovino Orgânico Resfriado Korin;1107201;Contrafilé orgânico
Contra Filé Bovino Resfriado Noix a Vácuo 900g;1107084;Contrafilé
Contra Filé em Bife Bandeja 500g;1107084;contrafilé
Contra Filé Maturatta FRIBOI Resfriado Pedaço 1,2kg;1107084;Contrafilé
Copa Lombo Suíno Congelada 550g;1107018;Carne de porco
Coração Alcatra Bov Maturatta 1,5 kg;1107010;Outras vísceras
Coracao Bov Cong 1,3 Kg;1107010;Outras vísceras
Coração de Porco 1kg;1107044;Víscera de porco
Coração Frango Bom Todo Congelada 1kg;1110019;Coração de galinha ou frango
Costela Moída;1107098;Carne moída de segunda
Costela Suína Sadia Tiras 1Kg;1107018;Carne de porco
Couve Bruxelas pacote;1105046;Couve-de-bruxelas
Couve Flor Laranja Orgânica - Raízs;1105006;Couve-flor
Couve Flor unidade;1105006;Couve-flor
Couve Kale Roxa Orgânica (un);1105053;Couve orgânica
Couve Manteiga Corte Fino Higienizado QUALITÀ 180g;1105005;Couve
Couve Manteiga Orgânica Maço;1105053;Couve orgânica
Coxão Mole (Chã de Dentro) em Bife Bandeja 500g;1107087;Chã de dentro
Coxas de Frango Congeladas KORIN Bandeja 600g;1110012;Coxa de galinha ou frango
Coxinha da Asa de Frango Copacol com Osso 600g;1110014;Asa de galinha ou frango
COXINHA DE FRANGO LOW CARB MAGRELA 300G;1102077;Salgado semipronto
Cream Cheese Light 150g Philadelphia;1111083;Cream cheese
Cream Cheese Philadelphia Light 150g;1111083;cream cheese
Creme de Avelã Nutella 140g - Ferrero;1104121;Creme de avelã
Creme de Leite Nestlé 300g (Lata);1111012;Creme de leite
Creme De Leite Regina Leve 200g;1111012;creme de leite
Cremogema Farinha Lactea 180g Maizena;1102028;Cremogema
Cubos De Pernil Suíno SWIFT 500g;1107018;Carne de porco
Cupim Bovino Resfriado 1,100kg;1107081;Cupim
Cupim Di Prima Resfriado 1kg;1107081;Cupim
Cupuaçú 1 Unidade 700g;1106097;Cupuaçu
Curry Kitano 50g;1116067;Curry
desc_produto;cod_subitem;desc_subitem
Diet Week Shake 360g Mousse de Chocolate - Maxinutri;1111060;diet shake
Display Barra Hershey's Air Ao leite 16X85g;1104023;Chocolate em barra e bombom
Doce de Abóbora com Coco Oliveira 400g;1104085;Doce de abóbora
Doce de Jaboticaba Artesanal em Calda Minas 680g;1104024;1104059;Doce de frutas em calda
Doce De Leite Flormel Com Coco Zero Açúcares 75g;1104066;Doce de leite
Doce de Leite HAVANNA 450g;1104066;Doce de leite
DONRUAN CREME DE CHOCOLATE 500ML;1104056;chocolate em creme
Energético Red Bull Red Bull Energy Drink The Summer Edition 250ml;1114081;Energético e Isotônico
Erva Mate Chimarrão Barão De Cotegipe A Vácuo 500g;1114091;Chá mate (erva mate)
Ervilha em Conserva Knorr Lata 170g;1115006;Ervilha em conserva
Ervilha Pachá Pacote 500g;1101083;Ervilha (em grão)
Ervilha Partida (Granel - Preço/100g);
Ervilha Torta Mape Bandeja;1103062;Ervilha (em vagem)
Escarola Und;1105003;Chicória
Extrato de Própolis Mandala Verde 30ml;1104050;Própolis
Fagottini com Recheio de 4 Queijos MASSA LEVE 350g;1102029;Massa semipreparada
Farelo de Aveia Oat Bran NATIVE Caixa 200g;1102066;Farelo de aveia
Farinha 00 Clássica 1kg Le 5 Stagioni;1102003;Farinha (não especificada)
FARINHA DE ARROZ INTEGRAL 500G - UN;1102001;Farinha de arroz
Farinha de Arroz Urbano sem Glúten 1kg;1102001;Farinha de arroz
Farinha de Aveia - 500 g (Noz do Brasil);1102026;Farinha de aveia
Farinha de Aveia (Granel 500g);1102026;Farinha de aveia
FARINHA DE BANANA VERDE 100G - UN;1102021;Farinha de banana
Farinha de Centeio Integral Orgânico 350g Coopernatura;1102027;Farinha de centeio
Farinha De Coco Monama 200g;1102083;Farinha de coco
Farinha de Linhaça Dourada Orgânica Ecobio 300g;1102064;Farinha de linhaça
Farinha de Linhaça Dourada Sem Glúten Leve Crock 200g;1102064;Farinha de linhaça
Farinha de Linhaça Marrom Mãe Terra 150g;1102064;Farinha de linhaça
FARINHA DE MANDIOCA AMARELA JUPARANÃ 1KG;1102023;Farinha de mandioca
Farinha de Mandioca Crua YOKI Pacote 500g;1102023;Farinha de mandioca
Farinha de Maracujá (Granel 200g);1102052;Farinha de maracujá
Farinha de Milho (Fubá) Orgânica Korin 500g;1102008;Fubá de milho
Farinha de Milho KIPOLENTA Pré Cozido 500g;1102008;Fubá de milho
Farinha de Rosca Pullman 500g;1102057;Farinha de rosca
Farinha de Rosca ST MARCHE 600g;1102057;Farinha de rosca
Farinha de Soja Crua 500g;1102035;Farinha de soja
Farinha Especial Sem Glúten 1kg Beladri;1102003;Farinha (não especificada)
Farinha Láctea Soymilke sem Lactose 210g;1102013;Farinha vitaminada
Farinha Trigo C/ferm Rosa Branc 1kg;1102012;Farinha de trigo
Fava Seca Libanesa Gardenia 907g;1101084;Fava
FÉCULA DE MANDIOCA AMAFIL 500G;1102023;Farinha de mandioca
Feijão Azuki 500g - Caldo Bom;1101114;Feijão azuki
Feijão Branco Tipo 1 Qualitá Pacote 500g;1101075;Feijão-branco
Feijão Carioca Lider Pacote 1Kg;1101073;Feijão-carioca (rajado)
Feijão Fradinho Caldo Bom 2kg;1101053;Feijão-macáçar (fradinho)
Feijão Fradinho Orgânico Coopernatural 500g;1101107;Feijão-macáçar orgânico
Feijao Kicaldo 1Kg Rajado;1101073;Feijão-carioca (rajado)
Feijão Preto Máximo Kg;1101052;Feijão-preto
Feijão Preto Natural • 1Kg;1101052;Feijão-preto
Feijão Preto Sabor Máximo 1kg;1101052;Feijão-preto
Feijoada Em Lata Pronta Para O Consumo Sistema Abre Fácil;1115008;Feijoada em conserva
Feijoada Enlatada Anglo 820g;1115008;Feijoada em conserva
Feijoada Qualitá Lata 420g;1115008;Feijoada em conserva
Fermento Químico Royal em Pó 100g;1116026;Fermento
Fibra Trigo Jasmine Pacote 250g;1102031;Germe, glúten e fibra de trigo
Fígado (Íscas) - 500g - içougue;1107009;Fígado
Fígado Bovino 1 kg;1107009;Fígado
Fígado Bovino Bandeja 500g;1107009;Fígado
FILÉ DE ABADEJO IMPORTADO 400/800G;1108003;Peixe-badejo
Filé de Abrotea COSTA SUL Congelado 800g;1108168;Peixe-abrótea
Filé de Anchova Di Salerno Lata 50g;1115072;Anchova em conserva
FILÉ DE BEIJUPIRÁ 1Kg;1108034;Peixe-beijupirá
FILÉ DE COXA E SOBRECOXA ORGÂNICO SEARA 600G;1110093;Coxa e sobrecoxa de galinha ou frango orgânica
FILÉ DE LINGUADO MÉDIO (SEM PELE) CONGELADO;1108025;Peixe-linguado
FILÉ DE NAMORADO CONGELADO;1108008;Peixe-namorado
Filé de Peito de Frango Big Frango Congelado 1kg;1110011;Peito de galinha ou frango
Filé de peixe espada com pele congelado Marpex 800g;1108027;Peixe-espada
Filé de Peixe fresco Namorado - De 300g a 700g;1108008;Peixe-namorado
FILÉ DE PEIXE ROBALO CONGELADO – 1 KG;1108043;Peixe-robalo
FILE DE PESCADA BRANCA 1KG;1108038;Peixe-pescada
FILÉ DE PESCADA CAMBUCU (1KG);1108038;Peixe-pescada
Filé de Pescada SWIFT 500G;1108038;Peixe-pescada
FILÉ DE PIRARUCU SWIFT 500G;1108079;Peixe-pirarucu
FILÉ DE POLACA DO ALASCA 800G;1108201;Peixe-polaca
Filé de Salmão Congelado 1kg;1108075;Peixe-salmão
Filé de surubim do norte congelado 1kg;1108057;Peixe-surubim
FILÉ DE TAINHA CONGELADA;1108011;Peixe-tainha
File De Tilápia Congelado Sem Pele 500g;1108080;Peixe-tilápia
FILÉ DE TILAPIA SAINT PETER CONGELADA;1108080;Peixe-tilápia
Filé de Tira Vira 800g;1108073;Peixe-tiravira
Filé de Trilha 500g;1108041;Peixe-trilha
Filé de Truta Congelada TAEQ Pacote 400g;1108198;Peixe-truta
Filé Mignon Bovino Extra Limpo Resfriado Bandeja 1Kg;1107085;Filé-mignon
Filé Mignon Bovino Orgânico Korin Resfriado - 100g;1107200;Filé-mignon orgânico
Filé Mignon Bovino Peça Kg;1107085;filé-mignon
File Mignon Bovino Sem Cordao Resfriado 2,100 kg;1107085;filé-mignon
File Peixe Atum Cruz Pc 1kg;1108023;Peixe-atum
Filé Peixe Merluza Fish Pacote 800g;1108031;Peixe-merluza 
File Peixe Pesc Amarela Fish Pc 800g;1108038;Peixe-pescada
File Peixe Salmao Cruz Cong 1kg;1108075;Peixe-salmão
Filet Mignon (sem Cordão);1107085;Filé-mignon
Filezinho De Peito De Frango Rivelli 800g;1110011;Peito de galinha ou frango
Filézinho Sassami Orgânico Congelado bdj 600g - Korin;1110092;Peito de frango orgânico
Flocos de Milho Granfino Fubarina Instantânea 500g;1102010;Flocos de milho
Focinho de Porco 1kg;1107050;Nariz de porco
Folha de Louro 10g (Vidro);1116081;Louro
Frango À Passarinho SWIFT 1Kg;1110010;Frango em pedaços
Frango Congelado Seara 2,250kg;1110009;Frango inteiro
Frango Inteiro Lar Kg;1110009;Frango inteiro
Frango Orgânico Congelado KORIN 1,4kg;1110091;Frango inteiro orgânico
Frango Saboroso In Natura 2,750Kg;1110009;Frango inteiro
Frutas Cristalizadas Benassi 200g;1104061;Doce de frutas cristalizado
Fubá de Milho Granfino Instantâneo 500g;1102008;Fubá de milho
Fubá Pré Cozido 500g Yoki;1102008;Fubá de milho
Gelatina Dr Oetker Uva 20g;1104028;Gelatina
Gelatina em pó Royal Limão 25g;1104028;Gelatina
Gelatina Po Royal Zero Pc 12g Maracuja .;1104028;Gelatina
Gelatina Royal Sem Sabor 2 Unidades 12 G;1104028;Gelatina
Gelatina sabor Hibisco com Morango 12g Natural Life;1104028;Gelatina
Geleia de Frutas Vermelhas Queensberry Classic 320g;1104027;Geleia de frutas
Geleia de Mocotó Sabor Morango ARISCO Caixa 220g;1104029;Geleia de mocotó
Geleia Mocoto Ducopo Vd 180g Tutti Frut;1104029;Geleia de mocotó
Geleia Mocoto Zero Ducopo 180g;1104029;Geleia de mocotó
Geléia Morango 70% menos calorias Pedaços Fruta Linea 230g;1104027;Geleia de frutas
Geleia Real In Natura 10 gramas Apiários Seiva das Flores;1104049;Geleia real
Geléias Finas QUEENSBERRY Sabor Amora Pote 320g;1104027;geleia de frutas
Gelo Ster Bom Cubo Pacote 3kg;1114073;Gelo em cubo, pedra, etc.
GÉRMEN DE TRIGO 100G ;1102031;Germe, glúten e fibra de trigo
Gin Intencion Clássico 900ml;1114085;Outras bebidas alcoólicas
GLÚTEN DE TRIGO 100G;1102031;Germe, glúten e fibra de trigo
Gnocchi de Batata Sem Glúten La Molisana 500g;1102029;Massa semipreparada
Goiaba 750g;1106084;Goiaba
GOIABA CROCANTE DOCE MEL KG;1106084;Goiaba
Gordura Veg Palma Flor De Palma 15kg;1113032;banha vegetal
Gordura Vegetal Mesa Para Fins Culinários 500g;1113032;banha vegetal
Granola Cereais Maltados Integral Vegana Jasmine 300g;1102056;Granola
Granola Integral Barano 500g;1102056;Granola
GRÃO DE BICO PEQUENO 500G - UN;1101090;Grão-de-bico
Grão-de-bico Orgânico Mãe Terra Pacote 400g;1101090;Grão-de-bico
Guaraná Antarctica 1,5l;1114083;Refrigerante e água mineral
Guaraná em Pó 100g Naiak;1104055;Guaraná em pó
Guarana Em Pó Vila Ervas 100g;1104055;Guaraná em pó (natural)
Guaraná Kuat Original PET 2L;1114083;Refrigerante e água mineral
Guarana Po Germina Pacote 100g;1104055;Guaraná em pó (natural)
Hambúrguer Bovino Picanha Mar e Mar 56g;1109088;Hambúrguer
Hambúrguer de Soja Vegetal Sabor Carne Vermelha 110g;1109088;Hambúrguer
Hambúrguer Frango Empanado Sadia 900g;1109088;Hambúrguer
Hambúrguer Misto Tradicional Brasa Burguers 56g;1109088;Hambúrguer
Hambúrguer Vegano Ervilha Incrível Burguer Sabor..Frango Seara 226g;1109088;Hambúrguer
Hortelã HORTA GUESSER 30g;1105020;Hortelã
Ice 51 Sabor Maracujá Garrafa 275ml;1114103;Ice
Inhame 500g;1103004;Inhame
Inhame Bandeja 250g;1103004;Inhame
Iogurte Batavo Polpa Morango e Coco 540g;1111019;iogurte e bebidas lácteas
Iogurte Coalhada Desnatado VIGOR Viv Pote 170g;1111039;coalhada
Iogurte líquido com 24g de proteína YoPRO Vanilla Café 250g;1111019;Iogurte e bebidas lácteas
Iogurte Líquido Desnatado DANONE Sabor Morango Garrafa 1,25Kg;1111019;iogurte e bebidas lácteas
Iogurte Líquido Paulista Mix de Frutas 850g;1111019;iogurte e bebidas lácteas
Iogurte Natural Fazenda Bela Vista 170g;1111019;Iogurte e bebidas lácteas
Iogurte Natural Nestlé Mel 170g;1111019;Iogurte e bebidas lácteas
Iogurte Pedaços Batavo 100g;1111019;iogurte e bebidas lácteas
Iogurte Probióticos Activia Polpa Mamão Cereais e Aveia Lv 8 Pg 7 800g;1111019;Iogurte e bebidas lácteas
Iogurte Vigor Morango 180g;1111019;Iogurte e bebidas lácteas
Iscas De Frango Sadia Empanado Tradicional 300g;1110097;Frango empanado
Isotônico Gatorade Laranja Garrafa 500ml;1114081;Energético e Isotônico
Jabuticaba 500g;1106078;Jabuticaba
Jambu Unidade;1105027;Jambuaçu
Jerimum Caboclo Kg;1103033;Abóbora-moranga
JERIMUM DE LEITE KG;1103017;Abóbora
Jiló 1 Unidade 500g;1103022;Jiló
Joelho Suíno Congelado 550g;1107018;Carne de porco
Kale Couve maço;1105005;Couve
Kelloggs Barra 12x20g Sucrilhos;1102010;Flocos de milho
Kit 3 Cereal Corn Flakes Flocos Milho sem Glúten 250g Schar;1102010;Flocos de milho
Kit com 3 Creme de Chocolate com Avelã Cacaufit 160g;1104056;chocolate em creme
Kit Ingredientes Para Paella Pescado Congelado OCEANI 400g;1109219;Paella
Kit Macarrão Oriental Lamen Shin Ramyun Carne e Legumes Nongshim 110g - 5 Pacotes;1102061;Macarrão instantâneo
Lagarto Bovino Resfriado em Bife Bandeja 500g;1107091;Lagarto comum
Lagarto Plano 600g;1107091;Lagarto comum
Lagarto Redondo Moido 1kg;1107092;Carne moída de primeira
Lagarto Redondo Pedaço 500g;1107090;Lagarto redondo
Lagosta Inteira;1108068;Lagosta
LANCHE PEPERI QUADRADO AURORA KG;1109015;Lanche peperi (presuntos suíno e de frango)
Laranja Bahia Importada 1,2 Kg;1106011;Laranja-baía
Laranja Ceu Organica (1kg);1106091;Laranja (não especificada)
Laranja Importada Granel 1kg;1106091;Laranja (não especificada)
Laranja Kinkan;1106089;Kinkan
Laranja Lima LUCATO Disney 1kg;1106012;Laranja-lima
Laranja Mimo 1,160 Kg;1106091;Laranja (não especificada)
Laranja Pêra Pacote 3kg - PRA VALER;1106039;Laranja-pera
Leite Betania Integral Uht Tp 1lt;1111004;Leite longa vida
Leite Coco Coco & Cia Int Gf 200ml Espec;1116001;Leite de coco
Leite Condensado Delakasa Sem Açúcar 200g;1111008;leite condensado
Leite Condensado Mococa 395ml;1111008;leite condensado
Leite Condensado Nestlé Moça Light 410g;1111008;Leite condensado
Leite Condensado Nestlé Moça Semi Desnatado 395g (Tetra Pak);1111008;Leite condensado
Leite de Amêndoas Natuterra 1 Litro;1111108;leite de amêndoas
Leite de Coco Chinezinho 200ml;1116001;Leite de coco
Leite de Soja em Pó Natural sem Açúcar SOYMILKE Pote 250g;1111062;leite de soja em pó
Leite em Pó Elegê Integral Instantâneo 400g (sachê);1111009;Leite em pó
Leite em Pó Integral Ccgl Instantâneo 400g;1111009;leite em pó
Leite em Pó Integral Nestlé Ninho Forti+ Lata 380g;1111009;leite em pó
Leite em Pó Tirol Instantâneo 400g;1111009;leite em pó
Leite Fermentado Integral Aveia Activia Copo 140g;1111106;leite de aveia
Leite Fermentado Yakult Light 480g;1111038;leite fermentado
Leite Integral JUSSARA Garrafa 1 Litro;1111004;leite longa vida
Leite Orgânico Desnatado TIMBAUBA 1 Litro;1111071;leite de vaca orgânico
Leite Pasteurizado Clan 1l Natural .;1111007;leite pasteurizado (não especificado)
Leite Pasteurizado Desnatado Orgânico 1L - No Carbon;1111005;Leite desnatado pasteurizado
Leite Pasteurizado Fresco Tipo A Desnatado Light Garrafa FAZENDA BELA VISTA 1Litro;1111005;leite desnatado pasteurizado
Leite Pasteurizado Homogeneizado Tipo A Semidesnatado XANDÔ Garrafa 1 Litro;1111006;Leite semidesnatado pasteurizado
Leite Pasteurizado Integral Cooper Garrafa 1 Litro;1111007;Leite pasteurizado (não especificado)
Leite Po Integral Inst Leitbom Pc 200g;1111009;leite em pó
Leite UHT Batavo Desnatado 1L;1111004;leite longa vida
Leite UHT Desnatado Parmalat Garrafa 1 Litro;1111004;leite longa vida
Leite UHT Itambé Nolac Semidesnatado 1l;1111004;Leite longa vida
Leite UHT Parmalat Integral 1L;1111004;leite longa vida
Lemon Sour Orgânico Wewi;1114083;Refrigerante e água mineral
LENTILHA AMARELA 400G CERES BRASIL - UN;1101091;Lentilha
Lentilha Hikari 500g;1101091;Lentilha
Lentilha Pachá Pacote 500g;1101091;Lentilha
Lentilha QUALITÁ Pacote 500g;1101091;Lentilha
Licor Italiano FRANGELICO Garrafa 700;1114085;Outras bebidas alcoólicas
Limao Comum 350g;1106015;Limão
Limão Tahiti Pacote 1kg;1106015;Limão
Linea Ovo De Páscoa Recheado Mousse De Chocolate 240G;1104054;ovo de páscoa
Lingua Bov Cong 1,150 Kg;1107010;Outras vísceras
Língua de Porco Salgada Kg;1107044;Víscera de porco
Linguiça Frimesa Paio Granel Kg;1109013;Paio
Linguiça Paio Aurora 400g;1109013;Paio
Linguiça Suína Fina Dona Carne;1109008;Linguiça
Lingüiça Toscana Na Brasa Queijo Coalho Perdigão..600g;1109008;Linguiça
Linhaça dourada 200g Premium Integral;1101004;Semente de linhaça
Linhaça Escura 250g;1101004;Semente de linhaça
LOMBO DE ATUM KIHADA FRESCO;1108023;Peixe-atum
Lombo de Bacalhau Dessalgado Congelado GRAND CHEF 1kg;1109023;Bacalhau
Lombo de Dourado fresco - De 200g a 500g;1108061;Peixe-dourado de água doce
Lombo de Salmão 700g;1108075;Peixe-salmão
Lombo Peixe Cacao Fish 800g;1108029;Peixe-cação
Lombo Suíno Defumado;Carne de porco salgada e defumada
Maçã Fuji Kg;1106017;Maçã
Maçã Granny Smith Granel 500g;1106017;Maçã
Maçã Vermelha Gala Fuji 750g;1106017;Maçã
MACADÂMIA DESCASCADA (200 G);1106037;Macadâmia
Macarrão com Ovos Caseiro Talharim Nº 2 QUALITÁ Pacote 2kg;1102006;Macarrão
Macarrão de Arroz Urbano Pena Integral 500g;1102006;Macarrão
Macarrão Galo 500g Aletria Sêmola;1102006;Macarrão
Macarrão Instantâneo de Costela Nissin Lámen Pacote 85g;1102061;Macarrão instantâneo
Macarrão Instantâneo de Galinha Caipira Nissin Miojo Lámen Pacote 85g;1102061;Macarrão instantâneo
Macarrão Instantâneo Nissin Yakissoba 500g Pronto Em 4 Min.;1102061;Macarrão instantâneo
Macarrão Instantâneo Renata Express Carne 85g;1102061;Macarrão instantâneo
Macarrão Instantâneo Tomate Suave Nissin Miojo Turma da Mônica 85g;1102061;Macarrão instantâneo
MACARRÃO INSTANTÂNEO YAKISSOBA HIROTANI - 1 KG;1102061;Macarrão instantâneo
Macarrão Parati C/ovos Caseiro Talharim Pa 500g;1102006;Macarrão
Macarrão Renata com Ovos Parafuso 500g;1102006;Macarrão
Macarrão Yakissoba Karui Fino 500g;1102006;Macarrão
Maçãs Orgânicas FAMÍLIA SALUTE 500 g;1106105;Maçã orgânica
Macaxeira Casa Do Milho Verde Pacote 1kg;1103005;Mandioca (aipim)
Macaxeira Regional Kg;1103005;Mandioca (aipim)
Maionese Hellmann´s Tradicional 800g sachê;1116033;Maionese
Maionese Made in Roça Salsa e Cebola 480g;1116033;Maionese
Maionese Vegana 100 Foods 200g Pimenta .;1116033;Maionese
Mamão Formosa Bandeja 1 Unidade;1106018;Mamão
Mamão Papaya 1 Unidade 700g;1106018;Mamão
Maminha Bovina Extra Limpa Resfriada BASSI 1,2kg;1107088;Alcatra
Mandioquinha (Batata Baroa) a Granel 500g;1103046;Mandioquinha (batata-baroa)
Mandioquinha Mns Pct 500g;1103046;Mandioquinha (batata-baroa)
Mandioquinha Orgânica - Kg;1103046;Mandioquinha (batata-baroa)
MANGA ESPADA (1 KG);1106019;Manga
Manga Tommy 800g;1106019;Manga
Manjericão Maço;1105042;Manjericão
Manjericão Organico (uni);1105042;Manjericão
Manjuba Inteira Congelada Costa Sul 800g;1108022;Peixe-manjuba
Manteiga Extra Com Sal Président Gastronomique Pote;1111031;Manteiga
Manteiga Extra com Sal QUALITÁ Tablete 200g;1111031;manteiga
Manteiga Lac Lélo sem Sal 200g;1111031;manteiga
Manteiga Natural Da Vaca Com Sal Pt 200g ;1111031;Manteiga
Manteiga Turvo Lata 500g;1111031;manteiga
Maracujá Azedo Kg;1106020;Maracujá
Margarina Cremosa com Sal QUALY Pote 500g;1113040;margarina
Margarina light com sal Doriana 500g;1113040;margarina
Margarina Qualy Light Zero Lactose Com Sal 250g;1113040;margarina
Margarina Sabor Manteiga Cremosa com Sal VIGOR Pote 500g;1113040;margarina
Margarina Vigor Com Sal 1kg;1113040;margarina
Massa de Pizza Low Carb 200g Magrela;1102029;Massa semipreparada
Massa de Semolina Aldente Parafuso 500g;1102006;Macarrão
Massa Folhada Congelada Arosa 400g Semilaminada;1102029;Massa semipreparada
Massa G Duro P Coricelli Penne Riga 500g;1102006;Macarrão
Massa Para Pastel Massa Leve 200g;1102029;Massa semipreparada
Massa Para Pastel Massaleve Discão 500g;1102029;Massa semipreparada
MASSA PRONTA PARA PANQUECA – PANCAKE MIX GOURMAND;1102029;Massa semipreparada
Massa Rondelli Bigi Ricota Spinaci 400g;1102029;Massa semipreparada
Massa Tipo Tortilha Para Wrap Sem Glúten 240g Casa Rigani;1102029;Massa semipreparada
Mastruz Maço Un;1105045;Mastruço
Mel Baldoni ORGÂNICO BRASIL 300g;1104129;Mel de abelha orgânico
Mel Caatinga Bamburral Beeva Vidro 280g;1104031;Mel de abelha
Mel Mandala 100% Natural Flores Laranjeiras 800gr;1104031;Mel de abelha
Mel Org Baldoni Jarra 300g;1104129;Mel de abelha orgânico
Mel Sabugi Pet 280g;1104031;Mel de abelha
MELANCIA (1/2) - 5 KG;1106021;Melancia
Melancia Top Brasil 1,150g;1106021;Melancia
Melão Amarelo Rei Unidade;1106022;Melão
Melao Charentais 820g;1106022;Melão
Melão com Rede Kg;1106022;Melão
Melão São Caetano (Nigagori / Goyá) Kg a granel;1103089;Nigagori
Mexerica Importada;1106027;Tangerina
Mexerica Murcot 1kg;1106027;Tangerina
mexilhão limpo congelado pacote de 1kg;1108099;Marisco
Milanesa - Embalagem 1,01kg | Caixa com 10 unid.;Rosbife, bife à milanesa industrializado (semipronto)
Milho de Pipoca p/ Microondas Yoki 90g/100g;1101079;Milho (em grão)
Milho torrado e salgado Barbecue Feliz 65g;1101079;Milho (em grão)
Milho Verde Quero Lata 170g;1115058;Milho-verde em conserva
Mingau Vitalon Turma da Mônica Arroz e Aveia Sachê 200g;1102001;Farinha de arroz
Mini Bombom Crocante Com Caramelo Flormel Pouch 54g;1104023;Chocolate em barra e bombom
Mini Kibe Massa Tung 1Kg;1102077;Salgado semipronto
MIOLO DA ALCATRA GRILL BOVINO NO VÁCUO;1107088;Alcatra
Mirtilo 125g;1106129;Mirtilo
Mistura Fécula de Batata Yoki 200g;1102039;Fécula de batata
Mistura para Bolo Cremoso Aipim Fleischmann Sachê 390g;1112050;misturas industriais de bolos, tortas, biscoitos, etc.
Mistura Para Bolo Limão Lowçucar 300g;1112050;misturas industriais de bolos, tortas, biscoitos, etc.
Mistura para Mingau CREMOGEMA Tradicional Vitaminada 500g;1102028;Cremogema
Mix A Sementeria - tradicional - Médio 150g;1101120;Mix de sementes e frutas
Mix Cheiro Verde DELÍCIA 70g;1105012;Cheiro-verde
Mix de Sementes e Nuts Jasmine 40g;1101120;Mix de sementes e frutas
Mix Frutas Desidratadas 1kg Especial Frutas Selecionadas;1104075;Fruta seca
Mix Frutas Desidratadas Heaven 80g;1104075;Fruta seca
Mix Legumes em cubos ( 1 saco aprox. 300g);1103064;Jardineira (seleta)
Mix Premium de Frutas Desidratadas 400g - Empório Casa do Rei;1104075;Fruta seca
Mocoto Bovino Congelado SWIFT 1,3KG;1107011;Mocotó de boi
Mocotó Bovino Resfriado Bandeja 500g;1107011;Mocotó de boi
Mocotó Congelado 1kg;1107011;Mocotó de boi
Molho de Soja Shoyu Karui Tradicional 1L;1116095;Molho de soja
Molho de Tomate Heinz Tradicional 340g (Sachê);1116005;Atomatado
Molho de Tomate Olé Refogado 520g (Tetra Pak);1116005;Atomatado
Molho Inglês Worcestershire Minhoto Vidro 150ml;1116096;Molho inglês
Molho La Pastina Pesto Ala Genov 180g C/trufas .;1116158;Molho pesto
Molho Madeira Elegê 200g;1116138;Molho madeira
Molho para Salada Castelo Italiano 236ml;1116139;Molho para salada
Molho Tempemar Alho 150ml;1116136;Molho de alho
Morango Nacional Caixa 250g;1106051;Morango
Mortadela Ceratti com Pistache Fatiada 150g;1109010;Mortadela
Mortadela Defumada Perdigão Ouro 200g;1109010;Mortadela
Mostarda Organica (uni);1105008;Mostarda
Mostarda Verde Orgânica Maço;1105008;Mostarda
Músculo Bovino 500g;1107093;Músculo
Musculo Bovino Moido Resfriado 640g;1107142;Carne moída de terceira
Nata Fresca Cem Pt 140g;1111046;nata
Nectar Dafruta Caju 200ml;1114001;Suco de frutas
Nozes sem casca Orgânica 100g;1101058;Noz
Noz-Moscada Kitano 8g;1116079;Noz-moscada
Nuggets de Frango Sadia com Queijo 300g;1110097;Frango empanado
Nuggets de Frango Sadia Tradicional 300g;1110097;Frango empanado
Óleo Composto de Soja e Oliva Ervas Finas Maria Garrafa 500ml;1113013;óleo de soja
Óleo de Canola Tipo 1 Purilev Garrafa 900ml;1113044;óleo de canola
Óleo de Canola Vitaliv 900ml;1113044;óleo de canola
Óleo De Coco Babaçu 1 Litro - 100% Orgânico;1113016;Óleo de coco-babaçu
Oleo De Coco Ext Virg Santo Oleo 500ml;1113049;óleo de coco (não especificado)
Óleo de Gergelim Karui Torrado 150ml;1113037;óleo de gergelim
Óleo de Girassol Tipo 1 Liza Especiais Garrafa 900ml;1113021;óleo de girassol
Oleo De Milho Mazola 900ml;1113012;óleo de milho
Óleo de Soja LIZA Pet 900ml;1113013;óleo de soja
Orégano Kitano 10g;1116086;Orégano
Orelha De Porco Cortada 500g;1107078;Orelha de porco fresca
Orelha suína salgada aurora;1109058;Carne de porco salgada e defumada
Osso P/sopa Bovino Resfriado;1107017;Osso bovino
Ovo de Páscoa 400 gramas Frozen + brinde;1104054;Ovo de Páscoa
Ovo De Pascoa Vegano Com Recheio Ao Leite De Coco 250g;1104054;Ovo de Páscoa
Ovo Mantiqueira Codorna 30un;1110062;Ovo de codorna
Ovos Brancos Grandes Bandeja com 20 Unidades;1110044;Ovo de galinha
Ovos Brancos Médios Perfa Duas Dúzias E Meia;1110044;Ovo de galinha
Ovos Caipiras ORGÂNICO com 10 Unidades;1110044;Ovo de galinha
Ovos Vermelhos Grande Mr. Ovo Saúde Bandeja 10 Unidades;1110044;Ovo de galinha
Pack Picolé Chocolate Garoto Baton Caixa 270g 6 Unidades;1104032;Sorvete
Pacote de Balas Mastigáveis Mix De Frutas Frutiê Vegana Fini 70g;1104018;Balas
Palmito Pupunha CULTIVERDE Vidro 90g;1115016;Palmito em conserva
Palmito Pupunha Palmland In Natura Espaguete 300g;1103056;Palmito (fresco)
Palmito Pupunha Palmland In Natura Para Assar 450g;1103056;Palmito (fresco)
Panceta Recheada Seara Gourmet Kg;1107018;Carne de porco
Pão De Forma SEVEN BOYS Pacote 450g;1112018;pão de forma
Pão de Forma Visconti Integral 400g;1112018;pão de forma
Pão De Milho SEVEN BOYS Casa De Vó Pacote 500g;1112012;pão de milho
Pão Forma Fabricacao Propria Peso Liquido 450g;1112018;Pão de forma
Pao Frances Dr Schar Sem Gluten 130gr;1112015;Pão francês
Pão Integral Grãos & Castanhas Plusvita Pacote 450;1112009;Pão integral
Pão Integral Visconti 400g;1112018;pão integral
Pão Miss Laura Broa de Milho 450g;1112022;Broa
Pão para Hot Dog Caseirinho 400g;1112059;pão de cachorro-quente
Pao Sanduiche Center Massas Pacote 400g Hamburguer .;1112018;pão de forma
Pao Sanduiche Center Massas Pacote 400g Hamburguer;1112018;Pão de forma
Pão Suply Sem Gluten Tradiciona Pa 350g;1112052;pão (não especificado)
Páprica Doce Kitano 50g;1116078;Páprica
PARGO INTEIRO FRESCO (MÉDIO);1108033;Peixe-pargo
Pasta Americana Branca 800g - Arcolor;1112079;Pasta americana
Pata Caranguejo Milly Pesc 500g;1108045;Caranguejo
Patê de Atum Gomes Costa 150g;1115053;Patê
Patê De Peito De Peru Defumado Sadia 100g;1115087;Patê de peru em conserva
Patê De Peito De Peru Defumado SEARA Pacote 100g;1115053;Patê
Pate Pasta de Grao de Bico Com Gergelim Organico Homus 200g;1115053;Patê
Patinho Bloco 1kg;1107089;Patinho
Patinho Bovino Resfriado Bandeja 1Kg;1107089;Patinho
Pato Int C/miudos Villa Germania Cong 500g;1110051;Pato abatido, congelado ou vivo
Pe De Frango Kg;1110016;Pé de galinha ou frango
Pé Suíno Salgado kg;1109058;Carne de porco salgada e defumada
Pé Suíno Salgado PRIETO Pacote 400g;1107018;Carne de porco
Peito Bovino Peça Inteira kg (aproximadamente 6kg);1107096;Peito
Peito Bovino S/osso Resfriado 850g;1107096;peito
PEITO DE FRANGO ORGÂNICO 250G VAPZA;1110092;Peito de frango orgânico
Peito E Sassami De Peru Cubo Sadia 800g;1110003;Peru
Peito Frango Bom Todo Bandeija 1kg;1110011;Peito de galinha ou frango
Peixe arraia em posta Ecomar 1kg;1108047;Peixe-arraia
Peixe Carapeba Congelado Kg;1108017;Peixe-carapeba
PEIXE CASTANHA EM POSTA 800G CONGELADO;1108049;Peixe-castanha
Peixe Cavala Posta Cong 1Kg;1108019;Peixe-cavala
Peixe Congelado Cavalinha Inteira PLANALTO 800g;1108005;Peixe-cavalinha
Peixe Congelado Cioba Inteiro Kg;1108015;Peixe-vermelho
Peixe Espalmado Sardinha Fish Pc1kg;1108012;Peixe-sardinha
PEIXE GAROUPA CONGELADA 20 KG;1108039;Peixe-garoupa
Peixe Inte Xerelete Cruz 1kg;1108048;Peixe-xerelete
Peixe Merluza Eviscerado Congelado BOM PEIXE pacote 500g;1108031;Peixe-merluza
Peixe Piau 1kg;1108054;Peixe-piau
Peixe Piramutaba Com Pele Congelado 900g;1108053;Peixe-piramutaba
Peixe Posta Cavala Cruz Pc 1kg;1108019;Peixe-cavala
Peixe Posta Dourado Fish Pacote 1kg;1108028;Peixe-dourado
Peixe Posta Espada Fish Pacote 1kg;1108027;Peixe-espada
Peixe Posta Pescada Amarela Fish Pc 800g;1108038;Peixe-pescada
Peixe Posta Tilapia Cruz 1kg ;1108080;Peixe-tilápia
Peixe Posta Xareu Cruz 1kg;1108059;Peixe-xaréu
Peixe Salgado Seco Bacalhau Saithe kg;1109023;Bacalhau
Peixe savelha eviscerada Vitalmar 1kg;1108046;Peixe-savelha
Peixe Tipo Bacalhau Desfiado Embalado;1109023;Bacalhau
Peixe Traíra Caipira Amazonas 1kg;1108051;Peixe-traíra
Pepino Amargo (GOYA/ NIGAGORI);1103089;Nigagori
Pepino Comum Preto 1 Unidade 500g;1103025;Pepino
Pepino em Conserva Geriba 300g;1115017;Pepino em conserva
Pepsi Twist Pet 2l;1114083;Refrigerante e água mineral
Pêra D`Anjou Importada a Granel 500g;1106023;Pera
Pera Portuguesa 570g;1106023;Pera
pernil de Cordeiro Fatiado 300g;1107031;Carne de carneiro
PERNIL DE CORDEIRO SEM OSSO;1107031;Carne de carneiro
Pernil Suino Dianteiro Resfriado Sem Osso 500g;1107018;Carne de porco
Pernil Suíno Temperado  GRAN CORTE 700g;1107018;Carne de porco
Pescoço de Frango Gonzales Pacote 1Kg;1110015;Pescoço de galinha ou frango
Pescoço De Peru Rezende 1kg;1110003;Peru
Pêssego em Calda Delphi 680g;1104024;1104059;Doce de frutas em calda
Pêssego Importado À Granel 300g;1106024;pêssego
Petit gâteau;1104138;Petit gateau
Picanha de Avestruz;1110057;Carne de avestruz
Picles em Conserva QUALITÁ Pote 250g;1115080;Picles
Pimenta Americana Kg;1103060;Pimenta
Pimenta Ardida Kg;1103060;Pimenta
Pimenta Biquinho 150g;1103086;Pimenta biquinho
Pimenta Cambuci Kg;1103034;Pimenta cambuci
Pimenta Malagueta 150g;1103057;Pimenta-malagueta
Pimentão Blocky 150g Laranja;1103026;Pimentão
PIMENTÃO PICANTE EM PÓ LA BARRACA - 750g;1116093;Pimentão em pó
Pimentão Verde 300g;1103026;Pimentão
Pimentão Verde Orgânico Kg;1103071;Pimentão orgânico
Pinha Kg;1106025;Fruta-de-conde
Pinhão 500g;1101099;Pinhão
Pinoli 20G La Pastina;1101119;Pinoli
Pirarucu Filé Tratado 5 Kg Amazonas Delicia Do Norte 100%;1109027;Peixe salgado pirarucu
Pistache Benassi 110g;1101009;Pistache
Pitaia Kg;1106119;Pitaia
Pitaya Vermelha Kgs;1106119;Pitaia
Pó para Pudim Diet Sabor Baunilha Dr. OETKER Caixa 25g;1104077;Pudim de qualquer sabor
Pó para Pudim Dr. Oetker Baunilha 50g;1104077;Pudim de qualquer sabor
Polenta Taragna Moretti 500g - Birra Moretti;1102060;Angu de milho
Polpa de Fruta Caju De Marchi Pacote 100g;1114003;Polpa de fruta (congelada)
Polpa De Fruta Goiaba Nature 100g;1114003;Polpa de fruta (congelada)
Polpa de Fruta Polpanorte Maracujá 100g;1114003;Polpa de fruta (congelada)
Polpa De Fruta Tamarindo Brasfrut 100g;1114003;Polpa de fruta (congelada)
Polpa Nordestao Acerola Pc 400g;1114003;Polpa de fruta (congelada)
Polpa Pe De Fruta Morango 400g;1114003;Polpa de fruta (congelada)
Polpa Ster Bom Pacote 400g Goiaba . ;1114003;Polpa de fruta (congelada)
POLVO INTEIRO EVISCERADO 1KG;1108074;Polvo
PONTA DE AGULHA SEM OSSO BOVINO EM BIFES;1107135;Carne de boi de terceira
PORQUINHO INTEIRO FRESCO;1108096;Peixe-peroá
Posta de Peixe Tambaqui 1kg;1108087;Peixe-tambaqui
posta-de-surubim-do-norte-sem-pele-congelado-pacote-de-1-kg;1108057;Peixe-surubim
Preparo Mingau Maizena Cremogema Tradicional;1102028;Cremogema
Presunto Cozido Sadia Fatiado 200g;1109002;Presunto
Presunto Cozido Sem Capa De Gordura SADIA Fatiado Bandeja 150g;1109002;Presunto
Presunto Cozido sem Capa Peperi Kg;1109002;Presunto
Presunto Parma Vito Bauducci Premium Fatiado 100g;1109002;Presunto
Pudim da Casa Leite Condensado kg;1104077;Pudim de qualquer sabor
Queijo Coalho Sao Felix Kg;1111011;Queijo
Queijo Cottage Danubio Pote 400g;1111011;queijo
Queijo de Leite de Cabra FRANS HALS 200g;1111011;queijo
Queijo Do Reino Tirolez Lata 600g;1111011;Queijo
Queijo Minas Frescal Light Buritis 390g;1111011;Queijo
Queijo Minas Monteminas, Barão ou Juliana (Exc. Light) kg;1111011;queijo
Queijo Minas Padrão QUATÁ 350g;1111011;queijo
Queijo Minas Padrao Regina 450g;1111011;queijo
Queijo Mussarela Muffato Foods Frimesa Fatiado 500g;1111011;queijo
Queijo Président Coalho Tradicional Espeto 350g;1111011;queijo
Queijo Reino Jong Vigor Lt 550g;1111011;queijo
Queijo Societe Roquefort 100g;1111011;queijo
Queijo Vegano Minas Fresc Vida Veg 200g;1111011;queijo
Quiabo Org Hortaviva 400g;1103027;Quiabo
Quinoa Real Organica Mista Em Graos Jasmine 250g;1101012;Quinoa
Rabada Bovina Congelada 1Kg;1107039;Rabada de boi
Rabo Bov Cong 600g;1107039;Rabada de boi
Rabo Bov Cong 600g;1107039;Rabada de boi
Rapadura Giovani Cast Pt 150g;1104014;rapadura
Refresco em Pó Qualimax Laranja e Acerola - 1kg;1114090;Suco em pó
Refresco em Pó TANG Morango 25g;1114090;Suco em pó
Refresco Po Mid Pc 20g Laranja .;1114090;Suco em pó
Refrig Grapette Gf 1l;1114083;Refrigerante e água mineral
Refrigerante Coca-Cola Original 1,5l;1114083;Refrigerante e água mineral
Refrigerante Cola Indaiá pet 250ml;1114083;Refrigerante e água mineral
REFRIGERANTE COREANO SABOR MORANGO CHUPA CHUPS - 345ML;1114083;Refrigerante e água mineral
Refrigerante De Limão Zero Açúcar H2oh 500ml;1114083;Refrigerante e água mineral
REFRIGERANTE DOLLY LARANJA 2L;1114083;Refrigerante e água mineral
Refrigerante Fanta Uva 2L;1114083;Refrigerante e água mineral
Refrigerante Goianinho Guarana 2,5lt;1114083;Refrigerante e água mineral
Refrigerante Guaraná Jesus 350ml;1114083;Refrigerante e água mineral
Refrigerante Pomelo Biri 500ml;1114083;Refrigerante e água mineral
Refrigerante Sukita Laranja Com Suco Natural Pet 2l;1114083;Refrigerante e água mineral
Remix Mãe Terra 25g Sementes;1101120;Mix de sementes e frutas
Repolho Roxo Kg;1105010;Repolho
Repolho Verde (unidade) – orgânico;1105071;Repolho orgânico
Requeijão Cremoso Danone Tradicional 200g;1111021;Requeijão
Requeijão Poços de Caldas | 200g;1111021;Requeijão
Requeijão Poços de Caldas Cremoso Light 400g;1111021;requeijão
Requeijão Tradicional Pote Cremille 200g;1111021;Requeijão
Requeijão Vigor Cremoso Tradicional 200g;1111021;requeijão
Rins Bov Cong 597 800g;1107010;Outras vísceras
Romã unidade;1106052;Romã
Rosbife Ceratti Pig Beef fatiado 200g;1109048;Rosbife, bife à milanesa industrializado (semipronto)
Rosbife Tradicional Magazzino Bandeja 200g;1109048;Rosbife, bife à milanesa industrializado (semipronto)
Rucula Hidroponica Un;1105026;Rúcula
Ruiva | Red Ale | Lata 473ml;1114084;Cerveja
Rum Bacardi Carta Branca 980ml;1114085;Outras bebidas alcoólicas
Sal Do Atacama Br Spices Fino 250g;1116013;Sal
Sal Grosso Iodado Kitano Tradic 1kg;1116014;Sal grosso
Sal Grosso Ita Churra 1kg;1116014;Sal grosso
Sal Lebre 1kg Grosso;1116014;Sal grosso
Sal Marinho Vitao 1kg;1116013;Sal
Sal Marinho Vitao Moído Iodado 1kg;1116013;Sal
Sal Refinado Campeao 1kg;1116013;Sal
Sal Refinado Cisne Tradicional 1kg;1116013;Sal
Sal Refinado Ita Tradicional 1kg;1116013;Sal
Sal Rosa Do Himalaia Grosso Kodilar C/Mo 100g;1116013;Sal
Salame Mini Perdigão Peça 400g;1109012;Salame
Salgadinho De Batata Frita Ondulada RUFFLES Original Pacote 76g;1112070;batata chips
Salgadinho Yokitos Batata Ondulada Sabor Churrasco 45g;1112070;batata chips
Salsa Hidropônica DEVILE Unidade;1105022;Salsa
Salsa Orgânica VERDE VIDA Unidade;1105056;Salsa orgânica
Salsao Aipo Hortifrios 250g;1105032;Aipo
Salsicha Anglo Conserva 180g;1115050;Salsicha em conserva
Salsicha Hot Dog Resfriada Perdigão 500g;1109007;Salsicha
Sardinha Coqueiro com Molho de Tomate 125g;1115039;Sardinha em conserva
Sardinha Em Oléo 88 Lata 125g;1115039;Sardinha em conserva
Sardinha Espalmada SWIFT 500G;1108012;Peixe-sardinha
Sardinha Pioneira Eviscerada 800g;1108012;Peixe-sardinha
Scalope de Filé Mignon Bovino Resfriado Bandeja 400g;1107085;Filé-mignon
Seleta de Vegetais La Vita Higienizada 300g;1103064;Jardineira (seleta)
SELETA JARDINEIRA PC 2,5 KG;1103064;Jardineira (seleta)
Seleta Knorr 170g Conserva;1115102;Seleta de legumes em conserva
Seleta Legumes Ralada Cflv 250g;1103064;jardineira (seleta)
SEMENTE DE ABÓBORA CRUA SEM CASCA SEM SAL 100G - UN;1101094;Semente de abóbora
Semente de Abóbora sem Sal 230g;1101094;Semente de abóbora
Semente De Chia Natural Life Kodilar 100g;1101116;Chia
Semente De Linhaça Natural Life Kodilar 200g;1101004;Semente de linhaça
Sementes Feijão Vagem Trepador Topseed Garden;1103029;Vagem
Shake sabor Morango - Bio Equilibrium;1104123;Vitamina concentrada (shake)
Shake Vila Ervas Chia Sabor Banana 300g;1104123;Vitamina concentrada (shake)
Snack de Trigo Biscoito Queijo Suave Zero Gorduras Trans Zero Colesterol Eqlibri Panetini Pacote 40g;1112003;biscoito
Sobrecoxa de Frango Orgânica SEARA Bandeja 600g;1110093;Coxa e sobrecoxa de galinha ou frango orgânica
Sobrecoxa de Frango Orgânico Seara;1110093;Coxa e sobrecoxa de galinha ou frango orgânica
Sobrecoxa De Frango Sadia 1kg;1110012;Coxa de galinha ou frango
SOJA EM GRÃO ORGÂNICO 500G COOPERNATURAL - UN;1101104;Soja em grão orgânica
Soja em Grãos Qualitá 500g;1101092;Soja (em grão)
Soja Torrada Benassi 120g;1101092;Soja (em grão)
SORGO EM GRÃOS 1KG;1101011;Sorgo (em grão)
Sorvete de Morango HÄAGEN DAZS Pote 473ml;1104032;Sorvete
Sorvete de Pote Ben & Jerrys Triple Caramel Chunk 458ml;1104032;Sorvete
Sorvete Frooty Duo Açaí e Cupuaçu 1,5L;1104032;Sorvete
Sorvete Nestlé Napolitano Flocos 1,5L;1104032;Sorvete
Sorvete Ster Bom Light 1l Napolitano .;1104032;Sorvete
Steinhaeger Schlichte 700 ml;1114085;Outras bebidas alcoólicas
Strogonoff Cha Dentro Bovino 500g;1107087;Chã de dentro
Suã Comum - Kg;1107056;Suã de porco
Suco de Laranja MAGUARY 1 Litro;1114001;Suco de frutas
Suco de Manga QUALITÁ 1 Litro;1114001;Suco de frutas
Suco Maçã Natural One Ambiente Garrafa 900ml;1114001;Suco de frutas
Suco Prats Uva 900ml;1114001;Suco de frutas
Suco Purity Caju 1L;1114001;Suco de frutas
Suco Sumo Maracuja Gf 1l;1114001;Suco de frutas
Suco Tropical Cocar 300ml Uva .;1114001;Suco de frutas
SURURU 1kg;1108067;Sururu
Tangerina Ponkam 600g;1106027;Tangerina
Tanggier Brut Rosé;1114087;Vinho
Tempero Arisco Sal e Alho 300g;1116010;Alho
Tempero Crowne Cravo da Índia 10g;1116077;Cravo
Tempero Crowne Erva - Doce;1116118;Erva doce
Tempero Crowne Pimenta do Reino em Pó 30g (Tubo);1116062;Pimenta-do-reino
Tempero Sazón Toque De Limão 60g;1116071;Tempero misto
Tempero Tempemar Tomilho 10g;1116119;Tomilho em folha
Tempero Zattar (Zaatar) 100g;1116162;Zaatar
Tentáculos de Polvo Nacional 700g;1108074;Polvo
testículo bovino Big Carne;1107080;Testículo de boi
Tomate Italiano a Granel 500g;1103028;Tomate
Tomate rasteiro kg;1103028;Tomate
Tomate Santa Adelia 710g;1103028;Tomate
Torresmo Gourmet Peg Pig 140g;1109055;Pururuca
Torta Limao Mr Bey Cong Cx 500g;1104109;Torta (não especificada)
Toucinho (Picado ou em tiras) - Preço/Kg;1107018;Carne de porco
Toucinho Suíno Kg;1107018;Carne de porco
TREMOÇO SECO 500G - UN;1101089;Tremoço
TRIGO EM GRÃOS GRINGS 500G;1101081;Trigo (em grão)
Trigo Inteiro Descascado Byblos 1kg;1101081;Trigo (em grão)
Tripa Bovina Salgada Calibre 40/43 Maço Com 25 Metros;1107008;Tripa e bucho
Tucupi Amarelo Manioca 300ml;1116023;Caldo de tucupi
Uva Agrivale Vitoria Duvale 500g;1106028;uva
Uva Mista sem Semente QUALITÁ 500g;1106028;uva
Uva Passa Orgânica Importada TAEQ 250g;1106109;Uva-passa orgânica
Vagem Macarrão 300g;1103029;Vagem
Vagem Macarrão Orgânica Kg;1103072;Vagem orgânica
Vermouth Cinzano Bianco 900ml;1114085;Outras bebidas alcoólicas
Vieira Congelada Limpa Frescatto 200g;1108104;Peixe-vieira
VIEIRA SWIFT 200G;1108104;Peixe-vieira
Vin Rose Castillo Montoro Gf 750ml Tempranillo .;1114087;Vinho
Vinagre de Maçã Castelo Leve Vita 500ml;1116094;Vinagre de maçã
Vinagre Peixe Álcool Colorido 500m;1116040;Vinagre de álcool
Vinagre-Peixe-Vinho-Branco-500ml;1116041;Vinagre
Vinchante Vin 266 Cabernet Sauvignon Central Valley 2020;1114087;Vinho
Vinho Catena Malbec 750 Ml;1114087;Vinho
Vinho Chileno Montes Reserva Malbec 750ml;1114087;Vinho
Vodka Absolut 750ml;1114085;Outras bebidas alcoólicas
Vôngole limpo - Congelado - 1kg;1108099;Marisco
Wafer Parati Minueto Mega Morango 105g;1112003;Biscoito
Wasabi Pasta Kenko Cx 43g;1116164;Wasabi
Whisky Red Label Johnnie Walker 750ml;1114085;Outras bebidas alcoólicas
Xarope Guaraná Natural Concentrado Guaralife 1L;1114102;Guaraná natural
